{
  "a0": "./a0.js",
  "a1": "./a1.js",
  "a2": "./a2.js",
  "a3": "./a3.js",
  "a4": "./a4.js",
  "a5": "./a5.js",
  "a6": "./a6.js",
  "a7": "./a7.js",
  "a8": "./a8.js",
  "a9": "./a9.js",
  "a10": "./a10.js",
  "a11": "./a11.js",
  "a12": "./a12.js",
  "a13": "./a13.js",
  "a14": "./a14.js",
  "a15": "./a15.js",
  "a16": "./a16.js",
  "a17": "./a17.js",
  "a18": "./a18.js",
  "a19": "./a19.js",
  "a20": "./a20.js",
  "a21": "./a21.js",
  "a22": "./a22.js",
  "a23": "./a23.js",
  "a24": "./a24.js"
}
